City_ID,City,Lat,Lng,Max Temp,Humidity,Cloudiness,Wind Speed,Country,Date
0,carahue,-38.7,-73.1667,9.8,91,0,1.14,CL,2023-09-29 23:26:49
1,yellowknife,62.456,-114.3525,7.45,65,75,2.57,CA,2023-09-29 23:26:50
2,ushuaia,-54.8,-68.3,9.81,46,0,4.63,AR,2023-09-29 23:26:50
3,al qusayr,34.5091,36.5798,20.13,60,6,3.47,SY,2023-09-29 23:26:50
4,edinburgh of the seven seas,-37.0676,-12.3116,10.58,85,100,15.26,SH,2023-09-29 23:26:50
5,crane,31.3974,-102.3501,32.71,30,0,9.34,US,2023-09-29 23:26:50
6,hamilton,39.1834,-84.5333,23.46,77,0,1.54,US,2023-09-29 23:26:27
7,roxas,11.5853,122.7511,25.08,85,85,1.92,PH,2023-09-29 23:26:50
8,vilyuchinsk,52.9306,158.4028,7.15,56,100,0.56,RU,2023-09-29 23:26:51
9,cambria,35.5641,-121.0808,27.1,71,13,6.1,US,2023-09-29 23:26:51
10,aljezur,37.3191,-8.8033,22.61,52,39,1.96,PT,2023-09-29 23:26:51
11,khandyga,62.6667,135.6,0.67,50,73,1.95,RU,2023-09-29 23:26:51
12,sitka,57.0531,-135.33,12.94,62,100,2.06,US,2023-09-29 23:26:51
13,iqaluit,63.7506,-68.5145,1.85,87,100,6.17,CA,2023-09-29 23:26:51
14,dalai,45.5,124.3,11.23,81,43,3.95,CN,2023-09-29 23:26:52
15,adamstown,-25.066,-130.1015,20.63,83,23,10.3,PN,2023-09-29 23:26:52
16,balaklava,44.5,33.6,17.43,67,12,0.95,UA,2023-09-29 23:26:52
17,invercargill,-46.4,168.35,7.79,81,80,5.36,NZ,2023-09-29 23:26:52
18,saguenay,48.4168,-71.0657,14.49,89,40,1.54,CA,2023-09-29 23:26:01
19,port-aux-francais,-49.35,70.2167,1.0,71,10,18.77,TF,2023-09-29 23:26:52
20,shiqian,27.5225,108.2281,22.06,94,47,1.23,CN,2023-09-29 23:26:52
21,west island,-12.1568,96.8225,24.99,83,75,7.2,CC,2023-09-29 23:26:53
22,olonkinbyen,70.9221,-8.7187,2.44,83,100,6.62,SJ,2023-09-29 23:26:53
23,ninotsminda,41.2646,43.5916,8.13,82,87,2.14,GE,2023-09-29 23:26:53
24,san antonio de pale,-1.4014,5.6325,24.71,84,38,4.0,GQ,2023-09-29 23:26:53
25,waitangi,-43.9535,-176.5597,12.12,78,100,4.02,NZ,2023-09-29 23:26:53
26,fort st. john,56.2499,-120.8529,8.94,81,100,2.57,CA,2023-09-29 23:26:53
27,punta arenas,-53.15,-70.9167,8.06,57,0,2.57,CL,2023-09-29 23:22:09
28,mount pearl,47.5166,-52.7813,10.25,85,75,1.03,CA,2023-09-29 23:26:54
29,puerto natales,-51.7236,-72.4875,5.76,82,100,1.37,CL,2023-09-29 23:25:34
30,sisimiut,66.9395,-53.6735,1.94,86,75,2.43,GL,2023-09-29 23:26:54
31,margaret river,-33.95,115.0667,14.27,78,59,7.74,AU,2023-09-29 23:26:54
32,la'ie,21.6477,-157.9253,31.98,73,99,4.02,US,2023-09-29 23:26:54
33,whitehorse,60.7161,-135.0538,9.5,80,100,0.45,CA,2023-09-29 23:26:40
34,tamasi,46.6333,18.2833,17.03,47,0,1.15,HU,2023-09-29 23:26:55
35,namibe,-15.1961,12.1522,18.13,86,71,4.6,AO,2023-09-29 23:26:55
36,newman,37.3138,-121.0208,29.19,34,8,5.57,US,2023-09-29 23:26:55
37,tura,25.5198,90.2201,23.73,95,98,1.9,IN,2023-09-29 23:26:55
38,palembang,-2.9167,104.7458,23.05,94,20,0.0,ID,2023-09-29 23:26:55
39,tiksi,71.6872,128.8694,-1.6,84,100,6.5,RU,2023-09-29 23:26:56
40,grytviken,-54.2811,-36.5092,-1.15,88,18,3.86,GS,2023-09-29 23:26:56
41,bikenibeu village,1.3673,173.1241,30.98,74,40,2.57,KI,2023-09-29 23:26:56
42,udachny,66.4167,112.4,1.92,93,100,3.87,RU,2023-09-29 23:26:56
43,longyearbyen,78.2186,15.6401,-0.09,69,75,3.09,SJ,2023-09-29 23:26:56
44,suntar,62.1444,117.6319,5.98,83,93,2.31,RU,2023-09-29 23:26:56
45,tual,-5.6667,132.75,25.96,84,100,6.29,ID,2023-09-29 23:26:57
46,bilibino,68.0546,166.4372,-4.71,90,99,2.38,RU,2023-09-29 23:26:57
47,constantia,44.1833,28.65,18.38,67,12,7.48,RO,2023-09-29 23:26:57
48,lazaro cardenas,17.9583,-102.2,30.58,74,31,4.96,MX,2023-09-29 23:26:57
49,lorengau,-2.0226,147.2712,28.07,80,38,3.29,PG,2023-09-29 23:26:57
50,lishui,28.4604,119.9103,24.48,92,4,0.21,CN,2023-09-29 23:26:57
51,hafnarfjordur,64.0671,-21.9377,6.21,75,0,3.09,IS,2023-09-29 23:26:57
52,kingston,17.997,-76.7936,29.53,95,20,4.63,JM,2023-09-29 23:22:44
53,vrangel',42.7297,133.0839,16.82,73,58,3.08,RU,2023-09-29 23:26:58
54,camana,-16.6228,-72.7111,18.04,85,63,2.97,PE,2023-09-29 23:26:58
55,port lincoln,-34.7333,135.8667,22.54,29,10,8.07,AU,2023-09-29 23:26:58
56,sambava,-14.2667,50.1667,21.62,87,51,3.81,MG,2023-09-29 23:26:58
57,mili,6.0815,171.735,27.54,80,100,8.6,MH,2023-09-29 23:26:58
58,cabo san lucas,22.8909,-109.9124,35.34,49,20,3.6,MX,2023-09-29 23:30:00
59,al ghayzah,16.2079,52.176,25.76,86,3,0.97,YE,2023-09-29 23:26:59
60,grand falls-windsor,48.9332,-55.6649,10.56,83,98,1.23,CA,2023-09-29 23:26:59
61,baissa,7.2333,10.6333,22.54,99,98,0.18,NG,2023-09-29 23:22:18
62,port saint john's,-31.6229,29.5448,22.14,63,39,3.73,ZA,2023-09-29 23:26:59
63,labrador city,52.9463,-66.9114,5.95,87,40,2.06,CA,2023-09-29 23:26:59
64,labytnangi,66.6572,66.4183,-0.55,76,64,2.1,RU,2023-09-29 23:26:59
65,cill airne,52.05,-9.5167,10.43,94,100,1.89,IE,2023-09-29 23:27:00
66,ust-tsilma,65.441,52.1498,5.33,76,98,3.38,RU,2023-09-29 23:27:00
67,nguigmi,14.2495,13.1092,28.95,51,51,2.34,NE,2023-09-29 23:27:00
68,suwayr,30.1171,40.3893,24.52,19,0,3.25,SA,2023-09-29 23:27:00
69,mabaruma,8.2,-59.7833,27.48,82,14,2.47,GY,2023-09-29 23:27:00
70,bathsheba,13.2167,-59.5167,30.34,79,20,4.12,BB,2023-09-29 23:27:00
71,nikolayevsk-on-amure,53.1406,140.73,9.91,86,100,0.93,RU,2023-09-29 23:27:00
72,dudinka,69.4058,86.1778,-3.54,93,93,8.85,RU,2023-09-29 23:27:01
73,nemuro,43.3236,145.575,16.42,76,95,4.75,JP,2023-09-29 23:27:01
74,papao,-17.75,-149.55,27.82,83,23,9.24,PF,2023-09-29 23:27:01
75,besskorbnaya,44.6447,41.311,14.98,61,50,6.21,RU,2023-09-29 23:27:01
76,goz beida,13.95,20.55,27.18,65,67,0.97,TD,2023-09-29 23:26:16
77,egilsstadir,65.2653,-14.3948,3.95,93,100,0.0,IS,2023-09-29 23:27:01
78,castillos,-34.1667,-53.8333,13.14,95,92,1.39,UY,2023-09-29 23:27:02
79,blackmans bay,-43.0167,147.3167,16.4,63,93,1.75,AU,2023-09-29 23:27:02
80,bozhou,33.8772,115.7703,18.4,93,0,1.45,CN,2023-09-29 23:27:02
81,talnakh,69.4865,88.3972,-3.77,85,99,5.5,RU,2023-09-29 23:27:02
82,ixtapa,20.7,-105.2,31.57,79,75,5.14,MX,2023-09-29 23:27:02
83,kerikeri,-35.2268,173.9474,12.39,70,60,7.93,NZ,2023-09-29 23:25:28
84,el rosario,24.2556,-107.1828,32.73,62,67,4.66,MX,2023-09-29 23:27:03
85,queenstown,-31.8976,26.8753,17.77,27,93,3.55,ZA,2023-09-29 23:27:03
86,loreto,22.2667,-101.9667,27.92,19,7,2.57,MX,2023-09-29 23:25:19
87,papatowai,-46.5619,169.4708,6.71,73,97,8.59,NZ,2023-09-29 23:27:03
88,sao jose da coroa grande,-8.8978,-35.1478,25.54,73,90,4.09,BR,2023-09-29 23:27:03
89,zavodskoy,43.4597,132.2922,14.77,87,40,1.0,RU,2023-09-29 23:27:03
90,tindouf,27.6711,-8.1474,26.25,22,29,1.54,DZ,2023-09-29 23:27:04
91,fortuna,40.5982,-124.1573,18.7,82,20,0.0,US,2023-09-29 23:27:04
92,tolanaro,-25.0319,46.9987,23.04,88,20,7.2,MG,2023-09-29 23:27:04
93,yuzhno-kurilsk,44.0306,145.8556,15.8,79,73,3.03,RU,2023-09-29 23:27:04
94,hasaki,35.7333,140.8333,26.27,78,41,7.13,JP,2023-09-29 23:27:04
95,burutu,5.3509,5.5076,24.3,91,100,1.72,NG,2023-09-29 23:27:04
96,albany,42.6001,-73.9662,14.77,92,100,0.45,US,2023-09-29 23:24:08
97,tataouine,32.9297,10.4518,21.82,63,0,1.71,TN,2023-09-29 23:27:05
98,lihue,21.9789,-159.3672,28.74,72,40,6.17,US,2023-09-29 23:27:05
99,mil'kovo,55.6078,37.7956,15.59,76,67,2.6,RU,2023-09-29 23:27:05
100,ballina,-28.8667,153.5667,24.32,65,8,3.22,AU,2023-09-29 23:27:05
101,bodo,67.28,14.405,11.02,98,100,3.09,NO,2023-09-29 23:27:05
102,klyuchi,52.2667,79.1667,10.13,72,53,1.4,RU,2023-09-29 23:27:05
103,constitucion,-35.3333,-72.4167,13.03,78,0,4.25,CL,2023-09-29 23:27:06
104,kananga,-5.8958,22.4178,22.71,77,35,1.05,CD,2023-09-29 23:27:06
105,arteche,12.2645,125.4048,26.59,90,100,2.7,PH,2023-09-29 23:27:06
106,miri,4.4148,114.0089,25.08,94,40,1.03,MY,2023-09-29 23:27:06
107,guerrero negro,27.9769,-114.0611,22.28,64,1,7.25,MX,2023-09-29 23:27:06
108,nova sintra,14.8667,-24.7167,24.92,80,99,2.24,CV,2023-09-29 23:27:06
109,port mathurin,-19.6833,63.4167,22.71,65,66,7.75,MU,2023-09-29 23:27:07
110,tazovsky,67.4667,78.7,-2.56,82,15,7.76,RU,2023-09-29 23:27:07
111,atafu village,-8.5421,-172.5159,28.69,71,26,4.29,TK,2023-09-29 23:27:07
112,kenora,49.8167,-94.4337,16.54,77,20,1.54,CA,2023-09-29 23:27:07
113,bethel,41.3712,-73.414,14.05,89,100,5.14,US,2023-09-29 23:26:32
114,college,64.8569,-147.8028,6.36,52,75,0.45,US,2023-09-29 23:27:07
115,ilulissat,69.2167,-51.1,0.01,86,100,0.0,GL,2023-09-29 23:27:08
116,saipan,15.1355,145.701,29.39,79,20,1.54,MP,2023-09-29 23:27:08
117,kapuskasing,49.4169,-82.4331,20.0,45,75,3.09,CA,2023-09-29 23:22:19
118,anadyr,64.75,177.4833,6.28,86,75,4.0,RU,2023-09-29 23:27:08
119,bucak,37.4592,30.595,18.29,82,14,0.63,TR,2023-09-29 23:27:08
120,necochea,-38.5473,-58.7368,8.38,82,100,5.67,AR,2023-09-29 23:27:08
121,erenhot,43.6475,111.9767,8.83,50,51,3.2,CN,2023-09-29 23:27:09
122,kosong,38.3788,128.4676,20.27,70,86,4.24,KR,2023-09-29 23:27:09
123,afaahiti,-17.75,-149.2833,26.93,86,32,8.34,PF,2023-09-29 23:27:09
124,moree,-29.4667,149.85,25.46,42,0,4.44,AU,2023-09-29 23:27:09
125,nar'yan-mar,67.6713,53.087,2.49,75,99,7.31,RU,2023-09-29 23:27:09
126,badger,64.8,-147.5333,6.31,53,75,0.0,US,2023-09-29 23:27:09
127,stanley,54.868,-1.6985,10.99,92,0,2.06,GB,2023-09-29 23:27:10
128,bredasdorp,-34.5322,20.0403,14.4,80,83,5.9,ZA,2023-09-29 23:23:48
129,leava,-14.3,-178.1667,26.91,76,92,7.59,WF,2023-09-29 23:27:10
130,lewistown,40.5992,-77.5714,18.93,94,100,0.0,US,2023-09-29 23:27:10
131,ampanihy,-24.7,44.75,19.44,85,0,0.72,MG,2023-09-29 23:27:10
132,madang,-5.2246,145.7966,28.11,74,95,0.49,PG,2023-09-29 23:22:42
133,kodiak,57.79,-152.4072,10.73,76,20,0.0,US,2023-09-29 23:27:11
134,coquimbo,-29.9533,-71.3436,13.85,88,40,3.6,CL,2023-09-29 23:27:11
135,hawaiian paradise park,19.5933,-154.9731,29.73,76,0,3.6,US,2023-09-29 23:27:11
136,balmazujvaros,47.6167,21.35,14.1,45,0,0.85,HU,2023-09-29 23:27:11
137,evanston,42.0411,-87.6901,22.62,76,20,4.63,US,2023-09-29 23:27:06
138,kudahuvadhoo,2.6708,72.8944,28.35,74,100,6.54,MV,2023-09-29 23:27:11
139,crucecita,-28.95,-58.9833,16.85,71,6,3.19,AR,2023-09-29 23:27:11
140,iskateley,67.6803,53.1512,2.41,75,100,7.3,RU,2023-09-29 23:27:12
141,kozhevnikovo,56.2589,83.9714,4.03,96,35,2.33,RU,2023-09-29 23:27:12
142,bima,-8.4667,118.7167,24.98,64,100,1.27,ID,2023-09-29 23:26:52
143,el hajeb,33.6879,-5.371,17.98,28,9,1.5,MA,2023-09-29 23:27:12
144,kismayo,-0.3582,42.5454,25.64,84,10,6.22,SO,2023-09-29 23:27:12
145,haiku-pauwela,20.9219,-156.3051,31.01,61,40,9.77,US,2023-09-29 23:27:12
146,songea,-10.6833,35.65,17.3,77,28,1.78,TZ,2023-09-29 23:27:13
147,praia da vitoria,38.7333,-27.0667,21.53,94,40,3.93,PT,2023-09-29 23:22:49
148,robertsport,6.7533,-11.3686,25.99,87,83,2.28,LR,2023-09-29 23:27:13
149,fort bragg,35.139,-79.006,22.68,80,20,2.57,US,2023-09-29 23:27:13
150,barbacoas,1.6715,-78.1398,25.67,92,71,1.46,CO,2023-09-29 23:27:13
151,kamennomostskiy,44.2983,40.1856,15.11,70,43,1.27,RU,2023-09-29 23:27:13
152,plastun,44.7561,136.2939,15.32,63,20,0.93,RU,2023-09-29 23:27:13
153,bandarbeyla,9.4942,50.8122,26.59,82,95,9.17,SO,2023-09-29 23:27:14
154,east london,-33.0153,27.9116,20.68,65,98,2.12,ZA,2023-09-29 23:27:14
155,veraval,20.9,70.3667,27.69,74,99,4.31,IN,2023-09-29 23:27:14
156,coronel dorrego,-38.7187,-61.2873,4.2,88,12,2.84,AR,2023-09-29 23:27:14
157,ribeira grande,38.5167,-28.7,19.87,94,100,2.68,PT,2023-09-29 23:27:14
158,vorkuta,67.5,64.0,-0.35,79,96,2.38,RU,2023-09-29 23:27:14
159,roccella ionica,38.322,16.4009,20.97,73,0,2.11,IT,2023-09-29 23:27:15
160,swan hill,-35.3378,143.5544,24.25,13,5,3.8,AU,2023-09-29 23:24:00
161,utrik,11.2278,169.8474,28.81,75,94,6.65,MH,2023-09-29 23:27:15
162,avarua,-21.2078,-159.775,26.03,83,75,4.63,CK,2023-09-29 23:27:15
163,taroa,8.7058,171.2275,27.35,82,98,6.07,MH,2023-09-29 23:27:15
164,extrema,-22.8547,-46.3183,16.52,89,66,2.26,BR,2023-09-29 23:27:15
165,sanok,49.5557,22.2056,14.13,70,1,2.36,PL,2023-09-29 23:27:16
166,ancud,-41.8697,-73.8203,8.56,78,0,0.84,CL,2023-09-29 23:27:16
167,wailua homesteads,22.0669,-159.378,28.4,71,40,6.17,US,2023-09-29 23:27:16
168,midvagur,62.0511,-7.1939,9.46,87,75,10.8,FO,2023-09-29 23:27:16
169,hithadhoo,-0.6,73.0833,27.93,77,4,6.77,MV,2023-09-29 23:27:16
170,the pas,53.8251,-101.2541,14.01,72,75,1.03,CA,2023-09-29 23:27:16
171,port sudan,19.6175,37.2164,29.89,75,53,2.54,SD,2023-09-29 23:27:17
172,chonchi,-42.6128,-73.8092,10.56,88,7,0.5,CL,2023-09-29 23:27:17
173,villa union,23.2,-106.2333,33.28,70,40,5.66,MX,2023-09-29 23:27:17
174,gamba,-2.65,10.0,24.67,85,99,2.37,GA,2023-09-29 23:27:17
175,king's lynn,52.7517,0.3952,12.22,87,40,1.54,GB,2023-09-29 23:27:17
176,port alfred,-33.5906,26.891,16.77,83,89,3.1,ZA,2023-09-29 23:24:30
177,kirakira,-10.4544,161.9205,27.03,84,100,5.81,SB,2023-09-29 23:27:17
178,qaqortoq,60.7167,-46.0333,3.17,68,3,1.69,GL,2023-09-29 23:27:18
179,itaguacu,-19.8019,-40.8556,21.49,76,100,1.84,BR,2023-09-29 23:27:18
180,pavlovka,52.6897,47.1405,10.95,77,69,2.64,RU,2023-09-29 23:27:18
181,tefe,-3.3542,-64.7114,32.06,66,20,1.54,BR,2023-09-29 23:27:18
182,kodinsk,58.6881,99.1844,7.52,84,95,4.05,RU,2023-09-29 23:27:18
183,forster,-32.1667,152.5167,24.6,54,0,2.5,AU,2023-09-29 23:27:18
184,ape,57.5393,26.6929,15.4,74,100,3.05,LV,2023-09-29 23:27:18
185,tralee,52.2704,-9.7026,10.6,91,100,1.63,IE,2023-09-29 23:27:19
186,bossangoa,6.4926,17.4552,21.65,98,47,1.26,CF,2023-09-29 23:27:19
187,puerto ayora,-0.7393,-90.3518,23.64,89,45,2.24,EC,2023-09-29 23:26:51
188,happy valley-goose bay,53.3168,-60.3315,13.17,62,75,2.06,CA,2023-09-29 23:27:19
189,cadale,2.7603,46.3222,26.1,85,13,7.07,SO,2023-09-29 23:27:19
190,carolina,18.3808,-65.9574,30.94,82,40,5.66,PR,2023-09-29 23:27:19
191,kupang,-10.1667,123.5833,27.32,69,20,3.09,ID,2023-09-29 23:27:19
192,laguna,38.421,-121.4238,26.24,61,0,6.69,US,2023-09-29 23:27:20
193,port macquarie,-31.4333,152.9167,23.83,61,0,3.35,AU,2023-09-29 23:27:20
194,hanover,52.3705,9.7332,15.04,92,75,3.09,DE,2023-09-29 23:22:31
195,luderitz,-26.6481,15.1594,14.29,74,4,3.26,,2023-09-29 23:27:20
196,santa elena de uairen,4.6167,-61.1333,24.86,60,93,0.52,VE,2023-09-29 23:27:20
197,brisas de zicatela,15.8369,-97.0419,31.29,51,20,1.54,MX,2023-09-29 23:27:20
198,pangkalanbuun,-2.6833,111.6167,23.58,90,98,0.81,ID,2023-09-29 23:27:21
199,mawu,29.5923,107.3139,19.77,97,100,0.24,CN,2023-09-29 23:27:21
200,pisco,-13.7,-76.2167,19.03,82,0,6.17,PE,2023-09-29 23:24:27
201,nagqu,31.5,92.0,0.94,90,74,1.68,CN,2023-09-29 23:27:21
202,enewetak,11.3474,162.3373,28.9,76,86,6.09,MH,2023-09-29 23:27:21
203,flying fish cove,-10.4217,105.6791,23.82,94,100,3.6,CX,2023-09-29 23:27:21
204,half moon,34.826,-77.4594,21.99,83,100,4.63,US,2023-09-29 23:27:22
205,cedeira,43.6797,-8.0209,17.99,75,8,3.37,ES,2023-09-29 23:27:22
206,ust-nera,64.5667,143.2,-3.15,77,16,1.57,RU,2023-09-29 23:27:22
207,ulsteinvik,62.3432,5.8487,13.75,85,96,3.13,NO,2023-09-29 23:27:22
208,katabu,-4.9333,122.5167,25.62,75,22,2.04,ID,2023-09-29 23:27:22
209,harnai,30.1005,67.9374,20.66,13,0,2.76,PK,2023-09-29 23:27:22
210,yaren,-0.5472,166.916,28.72,76,100,5.22,NR,2023-09-29 23:27:23
211,port elizabeth,-33.918,25.5701,16.84,74,0,2.06,ZA,2023-09-29 23:27:23
212,panorama,40.5878,23.0315,21.61,57,20,2.68,GR,2023-09-29 23:27:23
213,sinabang,2.4803,96.3801,26.2,84,96,3.28,ID,2023-09-29 23:27:23
214,mendi,-6.1761,143.6513,16.73,88,77,0.87,PG,2023-09-29 23:27:23
215,jamestown,42.097,-79.2353,18.8,78,0,2.57,US,2023-09-29 23:23:20
216,east ballina,-28.8667,153.5833,24.33,66,9,3.5,AU,2023-09-29 23:27:23
217,lefkada,38.8275,20.7019,18.95,82,40,2.06,GR,2023-09-29 23:27:24
218,ola,59.5833,151.2833,6.59,85,100,1.74,RU,2023-09-29 23:27:24
219,mana,5.6592,-53.7767,27.5,79,46,6.23,GF,2023-09-29 23:27:24
220,fauske,67.2588,15.3918,11.02,96,98,1.0,NO,2023-09-29 23:27:24
221,carutapera,-1.195,-46.02,26.3,80,21,4.34,BR,2023-09-29 23:27:24
222,new norfolk,-42.7826,147.0587,17.06,48,97,3.08,AU,2023-09-29 23:27:24
223,petropavlovsk-kamchatsky,53.0452,158.6483,6.33,70,0,2.0,RU,2023-09-29 23:27:25
224,la passe,45.5549,-0.8967,20.13,91,96,1.95,FR,2023-09-29 23:27:25
225,santa ana,33.7456,-117.8678,26.36,65,75,5.14,US,2023-09-29 23:26:38
226,ajuchitlan del progreso,18.1519,-100.4835,31.72,67,9,0.67,MX,2023-09-29 23:27:25
227,vila do maio,15.1333,-23.2167,26.44,79,83,2.58,CV,2023-09-29 23:27:25
228,tsetserleg,47.475,101.4542,0.02,60,27,1.93,MN,2023-09-29 23:27:26
229,nizhniy lomov,53.5304,43.6766,13.21,84,88,0.73,RU,2023-09-29 23:27:26
230,lerwick,60.1545,-1.1494,12.0,88,64,11.48,GB,2023-09-29 23:27:26
231,weno,7.4515,151.8468,28.97,89,100,5.14,FM,2023-09-29 23:27:26
232,kavaratti,10.5669,72.642,27.5,82,81,8.1,IN,2023-09-29 23:27:26
233,thompson,55.7435,-97.8558,13.09,71,75,1.54,CA,2023-09-29 23:26:00
234,punta del este,-34.9667,-54.95,13.06,83,75,7.2,UY,2023-09-29 23:27:26
235,pubal,37.2917,127.5078,18.69,100,75,0.51,KR,2023-09-29 23:27:27
236,terenozek,45.05,64.9833,15.09,41,100,2.75,KZ,2023-09-29 23:27:27
237,sarmiento,-45.5882,-69.07,15.02,37,7,2.94,AR,2023-09-29 23:27:27
238,harper,4.375,-7.7169,25.37,85,80,2.3,LR,2023-09-29 23:27:27
239,katsuura,35.1333,140.3,25.7,79,71,1.46,JP,2023-09-29 23:27:27
240,georgetown,5.4112,100.3354,27.75,95,20,0.51,MY,2023-09-29 23:24:22
241,medina,24.4686,39.6142,35.24,11,20,2.06,SA,2023-09-29 23:27:28
242,hadibu,12.65,54.0333,26.55,83,96,2.22,YE,2023-09-29 23:27:28
243,chiriguana,9.3624,-73.6031,30.54,64,85,0.42,CO,2023-09-29 23:27:28
244,torit,4.4133,32.5678,23.97,74,43,1.63,SS,2023-09-29 23:27:28
245,smithers,54.7804,-127.1743,11.18,62,40,4.12,CA,2023-09-29 23:27:28
246,kandalaksha,67.162,32.4123,9.95,99,100,1.34,RU,2023-09-29 23:27:28
247,ilebo,-4.3167,20.5833,22.06,91,62,0.37,CD,2023-09-29 23:27:28
248,guanare,9.0418,-69.7421,27.45,79,77,0.88,VE,2023-09-29 23:27:29
249,jamaame,0.0697,42.745,24.74,88,12,3.95,SO,2023-09-29 23:27:29
250,geraldton,-28.7667,114.6,12.23,87,40,4.12,AU,2023-09-29 23:27:29
251,serov,59.6033,60.5787,3.95,91,100,3.6,RU,2023-09-29 23:27:29
252,mejit,10.2753,170.8646,28.25,79,99,6.78,MH,2023-09-29 23:27:29
253,kourou,5.1552,-52.6478,28.03,80,11,5.77,GF,2023-09-29 23:27:29
254,kalmunai,7.4167,81.8167,25.94,78,97,5.94,LK,2023-09-29 23:27:30
255,quelimane,-17.8786,36.8883,24.97,88,20,4.12,MZ,2023-09-29 23:27:30
256,palikir - national government center,6.9248,158.1611,28.47,100,100,1.54,FM,2023-09-29 23:27:30
257,polyarnyy,69.1989,33.4478,10.3,94,100,4.53,RU,2023-09-29 23:27:30
258,dzhetygara,52.1908,61.2006,11.28,75,100,2.34,KZ,2023-09-29 23:27:30
259,lebu,-37.6167,-73.65,11.22,86,0,5.34,CL,2023-09-29 23:27:30
260,tsiombe,-25.3,45.4833,20.97,70,0,2.78,MG,2023-09-29 23:27:30
261,revda,56.801,59.9303,8.24,98,100,2.36,RU,2023-09-29 23:27:31
262,vadso,70.0744,29.7487,8.49,93,75,2.57,NO,2023-09-29 23:27:31
263,puerto deseado,-47.7503,-65.8938,7.56,73,18,9.93,AR,2023-09-29 23:27:31
264,vyazemskiy,47.5378,134.7525,11.81,78,57,0.91,RU,2023-09-29 23:27:31
265,remire-montjoly,4.9167,-52.2667,28.02,78,0,2.06,GF,2023-09-29 23:27:31
266,mozarlandia,-14.7447,-50.5706,30.03,56,91,2.16,BR,2023-09-29 23:27:32
267,codrington,-38.2667,141.9667,18.59,52,57,6.48,AU,2023-09-29 23:27:32
268,fort frances,48.5999,-93.4003,17.12,82,100,0.0,CA,2023-09-29 23:27:32
269,vorgashor,67.5833,63.95,-0.41,79,97,2.36,RU,2023-09-29 23:27:32
270,taoudenni,22.6783,-3.9836,30.24,17,2,5.93,ML,2023-09-29 23:27:32
271,buraydah,26.326,43.975,29.25,14,4,3.75,SA,2023-09-29 23:27:32
272,timaru,-44.4,171.25,11.15,27,41,5.36,NZ,2023-09-29 23:27:32
273,francistown,-21.17,27.5079,20.7,67,44,4.54,BW,2023-09-29 23:27:33
274,pirae,-17.5167,-149.5333,28.01,69,20,3.6,PF,2023-09-29 23:27:33
275,hailar,49.2,119.7,4.71,58,9,2.91,CN,2023-09-29 23:27:33
276,thunder bay,48.4001,-89.3168,16.99,82,75,3.6,CA,2023-09-29 23:27:24
277,cascais,38.6979,-9.4215,28.06,58,2,0.89,PT,2023-09-29 23:27:33
278,conceicao da barra,-18.5933,-39.7322,23.41,71,99,4.76,BR,2023-09-29 23:27:33
279,cole harbour,44.6724,-63.4751,14.71,91,53,0.89,CA,2023-09-29 23:27:34
280,hotan,37.0997,79.9269,14.73,26,0,1.04,CN,2023-09-29 23:27:34
281,akom ii,2.7833,10.5667,20.92,100,99,0.72,CM,2023-09-29 23:27:34
282,masterton,-40.9597,175.6575,9.38,96,100,5.44,NZ,2023-09-29 23:27:34
283,richards bay,-28.783,32.0377,21.85,82,0,3.54,ZA,2023-09-29 23:27:34
284,watertown,42.3709,-71.1828,14.36,89,100,4.12,US,2023-09-29 23:23:17
285,guarapari,-20.6667,-40.4975,21.61,86,100,2.29,BR,2023-09-29 23:27:34
286,eyl,7.9803,49.8164,26.38,81,20,8.34,SO,2023-09-29 23:27:35
287,hermanus,-34.4187,19.2345,15.7,79,90,9.34,ZA,2023-09-29 23:27:35
288,arraial do cabo,-22.9661,-42.0278,20.92,78,75,6.17,BR,2023-09-29 23:27:35
289,st. paul,44.9444,-93.0933,24.29,74,0,4.12,US,2023-09-29 23:24:57
290,greenville,35.6127,-77.3663,22.09,90,100,1.54,US,2023-09-29 23:23:16
291,bengkulu,-3.8004,102.2655,21.78,94,79,1.65,ID,2023-09-29 23:27:35
292,kapa'a,22.0752,-159.319,29.15,71,40,6.17,US,2023-09-29 23:27:35
293,shizunai-furukawacho,42.3339,142.3669,17.24,64,65,1.61,JP,2023-09-29 23:27:36
294,fale old settlement,-9.3852,-171.2468,28.72,71,42,5.53,TK,2023-09-29 23:27:36
295,namsos,64.4662,11.4957,10.03,100,100,6.17,NO,2023-09-29 23:27:36
296,el calafate,-50.3408,-72.2768,6.52,64,100,0.83,AR,2023-09-29 23:27:36
297,rio grande,-32.035,-52.0986,17.75,90,97,4.49,BR,2023-09-29 23:27:36
298,batangafo,7.3008,18.2833,22.25,96,57,1.75,CF,2023-09-29 23:27:36
299,al mahwit,15.4701,43.5448,18.44,44,2,1.41,YE,2023-09-29 23:27:37
300,souillac,-20.5167,57.5167,22.21,94,75,4.12,MU,2023-09-29 23:27:37
301,byron bay,-28.65,153.6167,23.73,64,13,3.99,AU,2023-09-29 23:24:09
302,yaransk,57.3033,47.8861,7.79,90,11,0.74,RU,2023-09-29 23:27:37
303,genappe,50.609,4.449,14.08,95,40,1.54,BE,2023-09-29 23:27:37
304,vila franca do campo,37.7167,-25.4333,23.23,99,95,6.5,PT,2023-09-29 23:27:37
305,tsentoroy,43.0064,46.2231,12.0,80,89,0.94,RU,2023-09-29 23:27:37
306,colonia,50.9333,6.95,14.98,87,0,2.06,DE,2023-09-29 23:27:23
307,balsas,-7.5325,-46.0356,32.36,24,95,1.95,BR,2023-09-29 23:27:38
308,topchikha,52.8192,83.1185,9.65,93,96,1.8,RU,2023-09-29 23:27:38
309,kharp,66.8014,65.8081,-1.13,84,71,0.79,RU,2023-09-29 23:27:38
310,sinop,41.7711,34.8709,14.92,85,80,1.16,TR,2023-09-29 23:27:38
311,tshabong,-26.05,22.45,21.29,11,58,4.33,BW,2023-09-29 23:27:38
312,mancio lima,-7.6142,-72.8958,25.04,94,100,3.09,BR,2023-09-29 23:27:39
313,trairi,-3.2778,-39.2689,25.08,79,70,4.76,BR,2023-09-29 23:25:48
314,canutama,-6.5339,-64.3831,27.58,67,82,1.05,BR,2023-09-29 23:27:39
315,san pedro,14.35,121.0167,27.57,91,75,2.24,PH,2023-09-29 23:25:13
316,caninde de sao francisco,-9.66,-37.7894,24.31,69,24,6.02,BR,2023-09-29 23:27:39
317,isafjordur,66.0755,-23.124,3.63,86,100,2.54,IS,2023-09-29 23:27:39
318,naha,26.2125,127.6811,28.15,94,20,3.6,JP,2023-09-29 23:27:39
319,goonellabah,-28.8167,153.3167,23.23,60,2,0.99,AU,2023-09-29 23:27:40
320,dzhalagash,45.0833,64.6667,15.94,39,100,2.92,KZ,2023-09-29 23:27:40
321,whitby,54.4877,-0.615,12.71,85,60,1.79,GB,2023-09-29 23:27:40
322,walvis bay,-22.9575,14.5053,12.27,93,1,3.09,,2023-09-29 23:27:40
323,san patricio,28.017,-97.5169,32.52,54,19,6.97,US,2023-09-29 23:27:40
324,st. john's,47.5649,-52.7093,10.71,84,75,1.03,CA,2023-09-29 23:26:17
325,kulhudhuffushi,6.6221,73.07,27.41,79,96,6.54,MV,2023-09-29 23:27:40
326,paarl,-33.7338,18.9752,15.01,96,85,2.94,ZA,2023-09-29 23:27:41
327,sao felix do xingu,-6.6447,-51.995,28.19,54,83,0.2,BR,2023-09-29 23:27:41
328,bowen,-20.0167,148.2333,23.49,66,18,5.96,AU,2023-09-29 23:27:41
329,ta`u,-14.2336,-169.5144,26.9,79,44,5.53,AS,2023-09-29 23:27:41
330,kiffa,16.6166,-11.4045,35.96,27,99,4.36,MR,2023-09-29 23:27:41
331,sinan,34.8262,126.1086,16.06,81,100,4.13,KR,2023-09-29 23:27:41
332,songjianghe,42.1859,127.479,9.37,81,6,1.88,CN,2023-09-29 23:27:41
333,ust'-ilimsk,58.0006,102.6619,7.8,91,100,3.32,RU,2023-09-29 23:24:21
334,ouani,-12.1322,44.4258,24.92,78,14,4.12,KM,2023-09-29 23:27:42
335,tabuk,17.4189,121.4443,24.9,87,71,0.62,PH,2023-09-29 23:27:42
336,qarazhal,48.0078,70.7903,10.38,52,93,2.18,KZ,2023-09-29 23:27:42
337,nizhniy kuranakh,58.8353,125.4869,4.34,91,100,0.8,RU,2023-09-29 23:27:42
338,san andres tuxtla,18.45,-95.2167,26.97,75,87,2.48,MX,2023-09-29 23:27:42
339,kone,-21.0595,164.8658,24.91,45,11,2.87,NC,2023-09-29 23:27:43
340,santa cruz del sur,20.7147,-77.9956,27.93,77,50,1.64,CU,2023-09-29 23:27:43
341,kilindoni,-7.9139,39.6668,25.2,80,3,5.43,TZ,2023-09-29 23:27:43
342,nacala,-14.5428,40.6728,22.34,91,12,1.81,MZ,2023-09-29 23:27:43
343,dongtai,32.8523,120.3095,19.89,95,100,4.0,CN,2023-09-29 23:27:43
344,thanh hoa,19.8,105.7667,24.1,97,100,1.83,VN,2023-09-29 23:24:13
345,toliara,-23.35,43.6667,22.49,89,15,2.59,MG,2023-09-29 23:23:04
346,uturoa,-16.7333,-151.4333,25.72,78,64,8.03,PF,2023-09-29 23:27:44
347,namie,37.4833,141.0,21.51,87,100,0.75,JP,2023-09-29 23:27:44
348,raahe,64.6833,24.4833,14.05,92,100,6.3,FI,2023-09-29 23:27:44
349,balabac,7.9868,117.0645,27.63,82,100,6.48,PH,2023-09-29 23:27:44
350,turpan,42.9333,89.1667,21.86,23,100,1.16,CN,2023-09-29 23:27:44
351,luocheng,29.3848,104.0286,19.15,91,79,0.18,CN,2023-09-29 23:27:44
352,carnot,4.9409,15.8665,21.74,96,100,0.37,CF,2023-09-29 23:27:45
353,novofedorovka,46.1713,32.3178,18.74,47,5,6.41,UA,2023-09-29 23:27:45
354,chui,-33.6971,-53.4616,13.93,95,82,1.86,UY,2023-09-29 23:27:45
355,hobyo,5.3505,48.5268,25.7,90,29,9.91,SO,2023-09-29 23:27:45
356,kargopol',61.5071,38.9456,12.41,98,100,3.1,RU,2023-09-29 23:27:45
357,arendal,58.4615,8.7725,13.89,81,10,5.87,NO,2023-09-29 23:27:45
358,tianpeng,30.9866,103.9393,20.67,85,83,1.32,CN,2023-09-29 23:27:45
359,kudat,6.8837,116.8477,26.96,89,88,3.6,MY,2023-09-29 23:27:46
360,gorontalo,0.5412,123.0595,25.25,80,100,1.29,ID,2023-09-29 23:26:57
361,chibougamau,49.9168,-74.3659,15.79,67,0,1.03,CA,2023-09-29 23:27:46
362,port blair,11.6667,92.75,26.02,89,75,3.09,IN,2023-09-29 23:27:46
363,lompoc,34.6391,-120.4579,23.9,68,100,5.14,US,2023-09-29 23:27:46
364,paita,-5.0892,-81.1144,20.67,83,33,6.7,PE,2023-09-29 23:27:46
365,baikonur,45.6167,63.3167,16.45,40,99,3.68,KZ,2023-09-29 23:27:46
366,lamu,-2.2717,40.902,25.12,85,5,6.17,KE,2023-09-29 23:27:47
367,tobelo,1.7284,128.0095,26.8,74,98,2.72,ID,2023-09-29 23:27:47
368,ulladulla,-35.35,150.4667,20.98,28,1,2.19,AU,2023-09-29 23:27:47
369,mohr,54.3528,9.7167,12.7,90,5,0.45,DE,2023-09-29 23:27:47
370,armacao de buzios,-22.7469,-41.8817,21.03,75,100,5.39,BR,2023-09-29 23:23:46
371,susuman,62.7833,148.1667,-3.21,75,62,1.94,RU,2023-09-29 23:27:47
372,znamenskoye,57.1281,73.8282,8.72,91,100,1.37,RU,2023-09-29 23:27:48
373,surab,28.4914,66.2585,11.79,20,0,3.59,PK,2023-09-29 23:27:48
374,dinghaicun,26.2847,119.7936,26.51,80,5,3.47,CN,2023-09-29 23:27:48
375,walhain-saint-paul,50.6263,4.6984,13.19,96,20,0.51,BE,2023-09-29 23:27:48
376,tharangambadi,11.0319,79.8528,26.57,77,100,6.58,IN,2023-09-29 23:27:48
377,dolbeau-mistassini,48.8763,-72.212,12.36,77,2,1.24,CA,2023-09-29 23:27:48
378,chernyshevskiy,63.0128,112.4714,3.38,93,98,2.28,RU,2023-09-29 23:27:48
379,sao francisco,-15.9486,-44.8644,29.54,38,44,0.6,BR,2023-09-29 23:27:49
380,gejiu,23.306,103.1635,11.99,96,47,0.78,CN,2023-09-29 23:27:49
381,markaz-e hukumat-e darweshan,31.1323,64.1934,16.91,23,0,4.09,AF,2023-09-29 23:27:49
382,sangola,17.4333,75.2,22.72,89,95,2.68,IN,2023-09-29 23:27:49
383,manismata,-2.4667,111.0333,23.18,91,74,1.22,ID,2023-09-29 23:27:49
384,bolgatanga,10.7856,-0.8514,26.67,81,88,1.98,GH,2023-09-29 23:27:49
385,aasiaat,68.7098,-52.8699,-0.86,89,96,1.89,GL,2023-09-29 23:27:50
386,kailua-kona,19.6406,-155.9956,29.98,71,20,8.23,US,2023-09-29 23:27:50
387,kokoda,-8.8785,147.7407,29.09,43,49,1.44,PG,2023-09-29 23:27:50
388,vernon,50.2581,-119.2691,15.34,61,100,0.51,CA,2023-09-29 23:22:55
389,lodwar,3.1191,35.5973,29.02,45,11,8.04,KE,2023-09-29 23:27:50
390,howrah,22.5892,88.3103,26.0,94,75,3.09,IN,2023-09-29 23:27:50
391,grand gaube,-20.0064,57.6608,22.43,77,2,0.89,MU,2023-09-29 23:27:50
392,uddevalla,58.3478,11.9424,15.04,88,50,2.68,SE,2023-09-29 23:27:51
393,catabola,-12.15,17.2833,21.34,51,56,0.98,AO,2023-09-29 23:27:51
394,beitbridge,-22.2167,30.0,24.34,60,75,2.53,ZW,2023-09-29 23:27:51
395,dauphin,51.1494,-100.0502,19.08,45,20,1.03,CA,2023-09-29 23:25:53
396,cetate,44.1,23.05,19.96,36,56,1.89,RO,2023-09-29 23:27:51
397,bac lieu,9.285,105.7244,25.69,88,94,3.21,VN,2023-09-29 23:27:51
398,araguaina,-7.1911,-48.2072,34.01,26,100,2.27,BR,2023-09-29 23:22:57
399,baiona,43.4833,-1.4833,20.7,94,0,1.54,FR,2023-09-29 23:27:52
400,puerto baquerizo moreno,-0.9,-89.6,23.05,78,28,4.36,EC,2023-09-29 23:27:52
401,carnarvon,-24.8667,113.6333,18.82,72,2,10.16,AU,2023-09-29 23:27:52
402,syktyvkar,61.6764,50.8099,8.85,100,100,2.0,RU,2023-09-29 23:27:52
403,santa fe do sul,-20.2111,-50.9258,29.6,38,39,4.2,BR,2023-09-29 23:27:52
404,mumford,5.2618,-0.759,25.34,89,84,3.58,GH,2023-09-29 23:27:52
405,bununu,9.8681,9.6628,22.07,80,50,0.9,NG,2023-09-29 23:27:53
406,krasnyy chikoy,50.3643,108.7512,2.68,93,38,1.7,RU,2023-09-29 23:27:53
407,fisterra,42.9049,-9.2629,18.9,91,3,2.8,ES,2023-09-29 23:27:53
408,palmital,-22.7889,-50.2175,26.86,45,38,4.24,BR,2023-09-29 23:27:53
409,luganville,-15.5333,167.1667,25.12,63,94,6.91,VU,2023-09-29 23:27:53
410,mormugao,15.4,73.8,25.98,88,100,7.29,IN,2023-09-29 23:27:53
411,las tablas,7.7667,-80.2833,28.4,79,64,1.64,PA,2023-09-29 23:26:23
412,dakhla,23.6848,-15.958,20.63,89,67,6.06,EH,2023-09-29 23:27:54
413,sungai penuh,-2.0833,101.3833,16.15,83,93,1.34,ID,2023-09-29 23:27:54
414,lexington,37.9887,-84.4777,24.0,68,0,3.6,US,2023-09-29 23:23:02
415,nova xavantina,-14.6667,-52.35,29.83,52,93,0.58,BR,2023-09-29 23:27:54
416,nabire,-3.3667,135.4833,25.3,89,100,1.46,ID,2023-09-29 23:27:54
417,posto fiscal rolim de moura,-13.0833,-62.2667,25.97,82,86,2.41,BR,2023-09-29 23:23:23
418,heishan,41.6892,122.1128,12.93,58,0,3.18,CN,2023-09-29 23:27:54
419,madera,37.1666,-119.8343,30.31,33,2,3.36,US,2023-09-29 23:27:31
420,saint-pierre,-21.3393,55.4781,21.82,64,75,2.57,RE,2023-09-29 23:27:55
421,leninskoye,41.7589,69.3864,14.01,42,22,1.92,KZ,2023-09-29 23:27:55
422,reggane,26.7158,0.1714,30.81,24,0,10.59,DZ,2023-09-29 23:27:55
423,bureya,49.8133,129.8131,9.42,88,99,0.27,RU,2023-09-29 23:27:55
424,tres palos,18.1833,-101.6167,29.24,77,79,2.47,MX,2023-09-29 23:27:55
425,oamaru,-45.0784,170.9801,10.77,46,13,0.45,NZ,2023-09-29 23:27:55
426,agat village,13.3886,144.6585,30.98,78,20,2.06,GU,2023-09-29 23:27:56
427,pachino,36.7186,15.0907,22.25,76,1,3.45,IT,2023-09-29 23:27:56
428,airway heights,47.6446,-117.5933,13.99,50,75,2.57,US,2023-09-29 23:25:27
429,el higo,21.7667,-98.4667,34.99,39,4,6.86,MX,2023-09-29 23:27:56
430,aqadyr,48.2553,72.8483,8.36,66,66,3.96,KZ,2023-09-29 23:27:56
431,bodaybo,57.8506,114.1933,4.39,87,72,0.81,RU,2023-09-29 23:27:56
432,palmer,42.1584,-72.3287,12.14,83,100,3.09,US,2023-09-29 23:27:57
433,wielun,51.221,18.5696,17.85,52,100,3.63,PL,2023-09-29 23:27:57
434,rovaniemi,66.5,25.7167,12.67,100,100,2.06,FI,2023-09-29 23:27:57
435,barra de santo antonio,-9.4047,-35.5072,25.6,68,95,3.74,BR,2023-09-29 23:27:57
436,los corrales de buelna,43.2636,-4.0726,20.06,91,3,1.53,ES,2023-09-29 23:27:57
437,dzhambeyty,50.2536,52.595,13.66,69,54,3.16,KZ,2023-09-29 23:27:57
438,jackson,42.4165,-122.8345,22.06,57,0,1.54,US,2023-09-29 23:27:57
439,pasaje,-3.3333,-79.8167,26.84,78,58,2.13,EC,2023-09-29 23:27:58
440,buala,-8.145,159.5921,28.16,80,90,4.22,SB,2023-09-29 23:27:58
441,krasne,49.9145,24.6134,14.45,54,3,1.89,UA,2023-09-29 23:27:58
442,nueva gerona,21.8833,-82.8,29.12,73,100,1.56,CU,2023-09-29 23:27:58
443,shingu,33.7333,135.9833,25.43,77,69,0.87,JP,2023-09-29 23:27:58
444,saint-philippe,-21.3585,55.7679,21.77,76,42,3.0,RE,2023-09-29 23:27:58
445,bardai,11.65,7.2333,21.79,87,53,3.14,NG,2023-09-29 23:27:59
446,ghanzi,-21.5667,21.7833,20.1,22,0,2.88,BW,2023-09-29 23:27:59
447,fada,9.5667,8.3,19.43,90,89,0.37,NG,2023-09-29 23:27:59
448,nantucket,41.2835,-70.0995,17.08,99,100,5.66,US,2023-09-29 23:27:59
449,sampacho,-33.3839,-64.7221,12.35,32,34,3.5,AR,2023-09-29 23:27:59
450,mount isa,-20.7333,139.5,26.87,32,0,6.69,AU,2023-09-29 23:27:59
451,pangody,65.85,74.4859,-1.01,94,23,5.33,RU,2023-09-29 23:27:59
452,kiuruvesi,63.65,26.6167,12.78,89,94,3.18,FI,2023-09-29 23:28:00
453,mount gambier,-37.8333,140.7667,18.14,47,58,4.06,AU,2023-09-29 23:28:00
454,luanda,-8.8368,13.2343,24.0,78,75,3.6,AO,2023-09-29 23:28:00
455,uliastay,47.7417,96.8444,-2.96,59,29,3.08,MN,2023-09-29 23:28:00
456,conchas,-23.0153,-48.0106,18.29,80,38,6.36,BR,2023-09-29 23:28:01
457,kovylkino,54.0388,43.9139,12.18,77,81,1.26,RU,2023-09-29 23:28:01
458,daru,-9.0763,143.2092,25.63,81,85,7.94,PG,2023-09-29 23:28:01
459,dondaicha,21.3333,74.5667,26.97,69,78,1.59,IN,2023-09-29 23:28:01
460,keflavik,64.0049,-22.5624,6.24,87,0,2.06,IS,2023-09-29 23:28:01
461,brookings,44.3114,-96.7984,23.19,84,100,2.57,US,2023-09-29 23:28:01
462,pacific grove,36.6177,-121.9166,22.91,86,75,4.12,US,2023-09-29 23:28:01
463,polva,58.0603,27.0694,16.96,76,100,2.53,EE,2023-09-29 23:28:02
464,juan griego,11.0817,-63.9655,31.07,74,72,4.12,VE,2023-09-29 23:28:02
465,hammerfest,70.6634,23.6821,7.25,100,75,1.54,NO,2023-09-29 23:28:02
466,al kharijah,25.4514,30.5464,30.82,18,9,4.96,EG,2023-09-29 23:28:02
467,seversk,56.6006,84.8864,6.03,95,59,2.24,RU,2023-09-29 23:28:02
468,petrovskaya,45.4314,37.955,19.36,37,51,5.54,RU,2023-09-29 23:28:02
469,antofagasta,-23.65,-70.4,15.6,80,35,2.74,CL,2023-09-29 23:28:03
470,manokwari,-0.8667,134.0833,27.37,75,88,0.62,ID,2023-09-29 23:28:03
471,sudak,44.85,34.9667,19.06,68,18,2.67,UA,2023-09-29 23:28:03
472,la sarre,48.8002,-79.1996,14.74,59,10,2.33,CA,2023-09-29 23:28:03
473,ketchikan,55.3422,-131.6461,13.26,62,0,3.6,US,2023-09-29 23:28:03
474,janauba,-15.8025,-43.3089,26.91,48,3,6.38,BR,2023-09-29 23:28:03
475,onguday,50.75,86.15,5.42,82,99,1.54,RU,2023-09-29 23:28:04
476,at taraf,25.3628,49.725,28.3,33,0,2.73,SA,2023-09-29 23:28:04
477,khorixas,-20.3667,14.9667,18.24,40,0,0.98,,2023-09-29 23:28:04
478,awjilah,29.1081,21.2869,22.99,67,4,5.21,LY,2023-09-29 23:28:04
479,biloela,-24.4167,150.5,23.17,54,3,1.47,AU,2023-09-29 23:28:04
480,sao joao da barra,-21.6403,-41.0511,22.05,78,100,4.54,BR,2023-09-29 23:26:38
481,niafunke,15.9322,-3.9906,33.06,32,76,4.63,ML,2023-09-29 23:28:01
482,nyazepetrovsk,56.0531,59.6028,8.32,97,98,1.34,RU,2023-09-29 23:28:05
483,nouadhibou,20.931,-17.0347,25.99,57,52,5.66,MR,2023-09-29 23:28:05
484,barkot,30.8167,78.2,16.7,80,0,2.16,IN,2023-09-29 23:28:05
485,zaozersk,69.4005,32.4476,9.91,94,100,4.38,RU,2023-09-29 23:28:05
486,natchez,31.5604,-91.4032,33.12,31,0,3.09,US,2023-09-29 23:24:36
487,singaraja,-8.112,115.0882,25.23,66,89,0.87,ID,2023-09-29 23:28:05
488,dharamsala,32.2419,76.3213,15.77,46,0,4.16,IN,2023-09-29 23:28:05
489,puttur,12.7667,75.2167,24.06,98,95,1.02,IN,2023-09-29 23:28:06
490,kununurra,-15.7667,128.7333,26.99,74,40,2.06,AU,2023-09-29 23:28:06
491,itoman,26.1247,127.6694,28.21,94,20,3.6,JP,2023-09-29 23:28:06
492,hovd,48.0056,91.6419,3.28,62,44,2.38,MN,2023-09-29 23:28:06
493,tarko-sale,64.9225,77.785,-1.11,78,24,8.49,RU,2023-09-29 23:28:06
494,yeppoon,-23.1333,150.7333,24.88,68,16,5.23,AU,2023-09-29 23:28:07
495,ulricehamn,57.7916,13.4142,14.67,94,94,5.5,SE,2023-09-29 23:27:28
496,rikaze,29.25,88.8833,9.48,57,100,1.44,CN,2023-09-29 23:28:07
497,el arenal,20.7833,-103.7,27.95,32,32,2.58,MX,2023-09-29 23:28:07
498,naama,33.2667,-0.3167,21.0,24,1,2.71,DZ,2023-09-29 23:28:07
499,naze,28.3667,129.4833,25.51,83,19,0.81,JP,2023-09-29 23:25:04
500,gazojak,41.1875,61.4036,16.44,39,10,2.87,TM,2023-09-29 23:28:08
501,ascension,30.2169,-90.9001,31.26,64,0,4.14,US,2023-09-29 23:28:08
502,sinjai,-5.1241,120.253,25.76,75,51,1.88,ID,2023-09-29 23:28:08
503,amboasary,-25.0333,46.3833,22.4,70,1,2.05,MG,2023-09-29 23:28:08
504,bubaque,11.2833,-15.8333,28.23,78,45,3.91,GW,2023-09-29 23:28:08
505,neiafu,-18.65,-173.9833,25.38,73,75,4.12,TO,2023-09-29 23:28:08
506,nelson,-41.2833,173.2833,11.69,45,62,1.17,NZ,2023-09-29 23:24:57
507,steenwijk,52.7875,6.1208,13.84,95,9,0.89,NL,2023-09-29 23:28:09
508,san jose del guaviare,2.5729,-72.6459,27.78,78,89,1.94,CO,2023-09-29 23:28:09
509,zungeru,9.8128,6.1558,24.27,84,100,1.13,NG,2023-09-29 23:28:09
510,dawesville,30.9224,-84.0091,26.31,68,0,2.06,US,2023-09-29 23:28:09
511,island harbour,50.724,-1.2758,13.42,92,99,2.55,GB,2023-09-29 23:28:09
512,greymouth,-42.4667,171.2,10.77,61,63,2.02,NZ,2023-09-29 23:28:10
513,sidareja,-7.4846,108.7923,22.25,92,36,0.52,ID,2023-09-29 23:28:10
514,saint croix,17.7397,-64.7388,30.25,86,0,5.14,VI,2023-09-29 23:28:10
515,stavern,59.0,10.0333,11.77,91,0,9.99,NO,2023-09-29 23:28:10
516,kalemie,-5.9475,29.1947,23.55,66,90,0.86,CD,2023-09-29 23:28:10
517,twon-brass,4.3151,6.2418,25.95,82,99,3.65,NG,2023-09-29 23:25:35
518,figuig (centre),32.1089,-1.2286,23.02,27,2,1.28,MA,2023-09-29 23:28:10
519,port augusta,-32.5,137.7667,25.37,16,0,5.29,AU,2023-09-29 23:28:11
520,witu,-2.3889,40.4382,25.09,86,5,4.0,KE,2023-09-29 23:28:11
521,parry sound,45.3501,-80.033,19.03,63,0,1.87,CA,2023-09-29 23:27:15
522,qarqaraly,49.4058,75.4742,8.78,93,99,2.12,KZ,2023-09-29 23:28:11
523,lutuhyne,48.4051,39.2267,14.41,39,0,1.74,UA,2023-09-29 23:28:11
524,zyryanovsk,49.7386,84.2719,8.38,64,96,0.86,KZ,2023-09-29 23:28:11
525,madimba,-10.4,40.3333,23.25,83,1,2.74,TZ,2023-09-29 23:28:12
526,sokoni,-6.4333,39.55,25.36,80,1,5.26,TZ,2023-09-29 23:28:12
527,usogorsk,63.4106,48.6872,9.68,91,100,2.63,RU,2023-09-29 23:28:12
528,witbank,-25.8713,29.2332,16.8,40,0,1.92,ZA,2023-09-29 23:28:12
529,weyburn,49.6668,-103.8511,20.12,24,75,2.57,CA,2023-09-29 23:28:12
530,schuyler,42.4167,-76.883,19.98,93,68,0.45,US,2023-09-29 23:28:12
531,santa rosa,14.3122,121.1114,27.99,91,89,1.14,PH,2023-09-29 23:25:26
532,machico,32.7,-16.7667,23.73,84,40,2.57,PT,2023-09-29 23:28:13
533,arar,30.9753,41.0381,25.01,16,0,0.0,SA,2023-09-29 23:28:13
534,waterville,44.552,-69.6317,16.47,93,100,0.0,US,2023-09-29 23:26:03
535,jiangyou,31.7667,104.7167,18.34,92,40,0.48,CN,2023-09-29 23:28:13
536,selkirk,50.1436,-96.8845,22.31,50,17,0.45,CA,2023-09-29 23:28:13
537,iquitos,-3.7481,-73.2472,30.02,62,40,1.03,PE,2023-09-29 23:27:43
538,acarau,-2.8856,-40.12,25.49,80,100,7.85,BR,2023-09-29 23:28:13
539,tarauaca,-8.1614,-70.7656,28.67,66,48,1.03,BR,2023-09-29 23:28:14
540,oranjemund,-28.55,16.4333,13.89,88,70,0.89,,2023-09-29 23:28:14
541,gilgit,35.9221,74.3087,17.81,47,99,1.41,PK,2023-09-29 23:27:34
542,shamva,-17.3116,31.5756,20.81,54,65,1.18,ZW,2023-09-29 23:28:14
